Codice Regione;"Codice dell'Unità territoriale sovracomunale 
(valida a fini statistici)";Codice Provincia (Storico)(1);Progressivo del Comune (2);Codice Comune formato alfanumerico;Denominazione (Italiana e straniera);Denominazione in italiano;Denominazione altra lingua;Codice Ripartizione Geografica;Ripartizione geografica;Denominazione Regione;"Denominazione dell'Unità territoriale sovracomunale 
(valida a fini statistici)";Tipologia di Unità territoriale sovracomunale ;Flag Comune capoluogo di provincia/città metropolitana/libero consorzio;Sigla automobilistica;Codice Comune formato numerico;Codice Comune numerico con 110 province (dal 2010 al 2016);Codice Comune numerico con 107 province (dal 2006 al 2009);Codice Comune numerico con 103 province (dal 1995 al 2005);Codice Catastale del comune;Codice NUTS1 2021;Codice NUTS2 2021 (3) ;Codice NUTS3 2021;Codice NUTS1 2024;Codice NUTS2 2024 (3) ;Codice NUTS3 2024
01;201;001;001;001001;Agliè;Agliè;;1;Nord-ovest;Piemonte;Torino;3;0;TO;1001;1001;1001;1001;A074;ITC;ITC1;ITC11;ITC;ITC1;ITC11
01;201;001;002;001002;Airasca;Airasca;;1;Nord-ovest;Piemonte;Torino;3;0;TO;1002;1002;1002;1002;A109;ITC;ITC1;ITC11;ITC;ITC1;ITC11
01;201;001;003;001003;Ala di Stura;Ala di Stura;;1;Nord-ovest;Piemonte;Torino;3;0;TO;1003;1003;1003;1003;A117;ITC;ITC1;ITC11;ITC;ITC1;ITC11
01;201;001;004;001004;Albiano d'Ivrea;Albiano d'Ivrea;;1;Nord-ovest;Piemonte;Torino;3;0;TO;1004;1004;1004;1004;A157;ITC;ITC1;ITC11;ITC;ITC1;ITC11
01;201;001;006;001006;Almese;Almese;;1;Nord-ovest;Piemonte;Torino;3;0;TO;1006;1006;1006;1006;A218;ITC;ITC1;ITC11;ITC;ITC1;ITC11
01;201;001;007;001007;Alpette;Alpette;;1;Nord-ovest;Piemonte;Torino;3;0;TO;1007;1007;1007;1007;A221;ITC;ITC1;ITC11;ITC;ITC1;ITC11
01;201;001;008;001008;Alpignano;Alpignano;;1;Nord-ovest;Piemonte;Torino;3;0;TO;1008;1008;1008;1008;A222;ITC;ITC1;ITC11;ITC;ITC1;ITC11
01;201;001;009;001009;Andezeno;Andezeno;;1;Nord-ovest;Piemonte;Torino;3;0;TO;1009;1009;1009;1009;A275;ITC;ITC1;ITC11;ITC;ITC1;ITC11
01;201;001;010;001010;Andrate;Andrate;;1;Nord-ovest;Piemonte;Torino;3;0;TO;1010;1010;1010;1010;A282;ITC;ITC1;ITC11;ITC;ITC1;ITC11
01;201;001;011;001011;Angrogna;Angrogna;;1;Nord-ovest;Piemonte;Torino;3;0;TO;1011;1011;1011;1011;A295;ITC;ITC1;ITC11;ITC;ITC1;ITC11
01;201;001;012;001012;Arignano;Arignano;;1;Nord-ovest;Piemonte;Torino;3;0;TO;1012;1012;1012;1012;A405;ITC;ITC1;ITC11;ITC;ITC1;ITC11
01;201;001;013;001013;Avigliana;Avigliana;;1;Nord-ovest;Piemonte;Torino;3;0;TO;1013;1013;1013;1013;A518;ITC;ITC1;ITC11;ITC;ITC1;ITC11
01;201;001;014;001014;Azeglio;Azeglio;;1;Nord-ovest;Piemonte;Torino;3;0;TO;1014;1014;1014;1014;A525;ITC;ITC1;ITC11;ITC;ITC1;ITC11
01;201;001;015;001015;Bairo;Bairo;;1;Nord-ovest;Piemonte;Torino;3;0;TO;1015;1015;1015;1015;A584;ITC;ITC1;ITC11;ITC;ITC1;ITC11
01;201;001;016;001016;Balangero;Balangero;;1;Nord-ovest;Piemonte;Torino;3;0;TO;1016;1016;1016;1016;A587;ITC;ITC1;ITC11;ITC;ITC1;ITC11
01;201;001;017;001017;Baldissero Canavese;Baldissero Canavese;;1;Nord-ovest;Piemonte;Torino;3;0;TO;1017;1017;1017;1017;A590;ITC;ITC1;ITC11;ITC;ITC1;ITC11
01;201;001;018;001018;Baldissero Torinese;Baldissero Torinese;;1;Nord-ovest;Piemonte;Torino;3;0;TO;1018;1018;1018;1018;A591;ITC;ITC1;ITC11;ITC;ITC1;ITC11
01;201;001;019;001019;Balme;Balme;;1;Nord-ovest;Piemonte;Torino;3;0;TO;1019;1019;1019;1019;A599;ITC;ITC1;ITC11;ITC;ITC1;ITC11
01;201;001;020;001020;Banchette;Banchette;;1;Nord-ovest;Piemonte;Torino;3;0;TO;1020;1020;1020;1020;A607;ITC;ITC1;ITC11;ITC;ITC1;ITC11
01;201;001;021;001021;Barbania;Barbania;;1;Nord-ovest;Piemonte;Torino;3;0;TO;1021;1021;1021;1021;A625;ITC;ITC1;ITC11;ITC;ITC1;ITC11
01;201;001;022;001022;Bardonecchia;Bardonecchia;;1;Nord-ovest;Piemonte;Torino;3;0;TO;1022;1022;1022;1022;A651;ITC;ITC1;ITC11;ITC;ITC1;ITC11
01;201;001;023;001023;Barone Canavese;Barone Canavese;;1;Nord-ovest;Piemonte;Torino;3;0;TO;1023;1023;1023;1023;A673;ITC;ITC1;ITC11;ITC;ITC1;ITC11
01;201;001;024;001024;Beinasco;Beinasco;;1;Nord-ovest;Piemonte;Torino;3;0;TO;1024;1024;1024;1024;A734;ITC;ITC1;ITC11;ITC;ITC1;ITC11
01;201;001;025;001025;Bibiana;Bibiana;;1;Nord-ovest;Piemonte;Torino;3;0;TO;1025;1025;1025;1025;A853;ITC;ITC1;ITC11;ITC;ITC1;ITC11
01;201;001;026;001026;Bobbio Pellice;Bobbio Pellice;;1;Nord-ovest;Piemonte;Torino;3;0;TO;1026;1026;1026;1026;A910;ITC;ITC1;ITC11;ITC;ITC1;ITC11
01;201;001;027;001027;Bollengo;Bollengo;;1;Nord-ovest;Piemonte;Torino;3;0;TO;1027;1027;1027;1027;A941;ITC;ITC1;ITC11;ITC;ITC1;ITC11
01;201;001;028;001028;Borgaro Torinese;Borgaro Torinese;;1;Nord-ovest;Piemonte;Torino;3;0;TO;1028;1028;1028;1028;A990;ITC;ITC1;ITC11;ITC;ITC1;ITC11
01;201;001;029;001029;Borgiallo;Borgiallo;;1;Nord-ovest;Piemonte;Torino;3;0;TO;1029;1029;1029;1029;B003;ITC;ITC1;ITC11;ITC;ITC1;ITC11
01;201;001;030;001030;Borgofranco d'Ivrea;Borgofranco d'Ivrea;;1;Nord-ovest;Piemonte;Torino;3;0;TO;1030;1030;1030;1030;B015;ITC;ITC1;ITC11;ITC;ITC1;ITC11
01;201;001;031;001031;Borgomasino;Borgomasino;;1;Nord-ovest;Piemonte;Torino;3;0;TO;1031;1031;1031;1031;B021;ITC;ITC1;ITC11;ITC;ITC1;ITC11
01;201;001;032;001032;Borgone Susa;Borgone Susa;;1;Nord-ovest;Piemonte;Torino;3;0;TO;1032;1032;1032;1032;B024;ITC;ITC1;ITC11;ITC;ITC1;ITC11
01;201;001;033;001033;Bosconero;Bosconero;;1;Nord-ovest;Piemonte;Torino;3;0;TO;1033;1033;1033;1033;B075;ITC;ITC1;ITC11;ITC;ITC1;ITC11
01;201;001;034;001034;Brandizzo;Brandizzo;;1;Nord-ovest;Piemonte;Torino;3;0;TO;1034;1034;1034;1034;B121;ITC;ITC1;ITC11;ITC;ITC1;ITC11
01;201;001;035;001035;Bricherasio;Bricherasio;;1;Nord-ovest;Piemonte;Torino;3;0;TO;1035;1035;1035;1035;B171;ITC;ITC1;ITC11;ITC;ITC1;ITC11
01;201;001;036;001036;Brosso;Brosso;;1;Nord-ovest;Piemonte;Torino;3;0;TO;1036;1036;1036;1036;B205;ITC;ITC1;ITC11;ITC;ITC1;ITC11
01;201;001;037;001037;Brozolo;Brozolo;;1;Nord-ovest;Piemonte;Torino;3;0;TO;1037;1037;1037;1037;B209;ITC;ITC1;ITC11;ITC;ITC1;ITC11
01;201;001;038;001038;Bruino;Bruino;;1;Nord-ovest;Piemonte;Torino;3;0;TO;1038;1038;1038;1038;B216;ITC;ITC1;ITC11;ITC;ITC1;ITC11
01;201;001;039;001039;Brusasco;Brusasco;;1;Nord-ovest;Piemonte;Torino;3;0;TO;1039;1039;1039;1039;B225;ITC;ITC1;ITC11;ITC;ITC1;ITC11
01;201;001;040;001040;Bruzolo;Bruzolo;;1;Nord-ovest;Piemonte;Torino;3;0;TO;1040;1040;1040;1040;B232;ITC;ITC1;ITC11;ITC;ITC1;ITC11
01;201;001;041;001041;Buriasco;Buriasco;;1;Nord-ovest;Piemonte;Torino;3;0;TO;1041;1041;1041;1041;B278;ITC;ITC1;ITC11;ITC;ITC1;ITC11
01;201;001;042;001042;Burolo;Burolo;;1;Nord-ovest;Piemonte;Torino;3;0;TO;1042;1042;1042;1042;B279;ITC;ITC1;ITC11;ITC;ITC1;ITC11
01;201;001;043;001043;Busano;Busano;;1;Nord-ovest;Piemonte;Torino;3;0;TO;1043;1043;1043;1043;B284;ITC;ITC1;ITC11;ITC;ITC1;ITC11
01;201;001;044;001044;Bussoleno;Bussoleno;;1;Nord-ovest;Piemonte;Torino;3;0;TO;1044;1044;1044;1044;B297;ITC;ITC1;ITC11;ITC;ITC1;ITC11
01;201;001;045;001045;Buttigliera Alta;Buttigliera Alta;;1;Nord-ovest;Piemonte;Torino;3;0;TO;1045;1045;1045;1045;B305;ITC;ITC1;ITC11;ITC;ITC1;ITC11
01;201;001;046;001046;Cafasse;Cafasse;;1;Nord-ovest;Piemonte;Torino;3;0;TO;1046;1046;1046;1046;B350;ITC;ITC1;ITC11;ITC;ITC1;ITC11
01;201;001;047;001047;Caluso;Caluso;;1;Nord-ovest;Piemonte;Torino;3;0;TO;1047;1047;1047;1047;B435;ITC;ITC1;ITC11;ITC;ITC1;ITC11
01;201;001;048;001048;Cambiano;Cambiano;;1;Nord-ovest;Piemonte;Torino;3;0;TO;1048;1048;1048;1048;B462;ITC;ITC1;ITC11;ITC;ITC1;ITC11
01;201;001;049;001049;Campiglione Fenile;Campiglione Fenile;;1;Nord-ovest;Piemonte;Torino;3;0;TO;1049;1049;1049;1049;B512;ITC;ITC1;ITC11;ITC;ITC1;ITC11
01;201;001;050;001050;Candia Canavese;Candia Canavese;;1;Nord-ovest;Piemonte;Torino;3;0;TO;1050;1050;1050;1050;B588;ITC;ITC1;ITC11;ITC;ITC1;ITC11
01;201;001;051;001051;Candiolo;Candiolo;;1;Nord-ovest;Piemonte;Torino;3;0;TO;1051;1051;1051;1051;B592;ITC;ITC1;ITC11;ITC;ITC1;ITC11
01;201;001;052;001052;Canischio;Canischio;;1;Nord-ovest;Piemonte;Torino;3;0;TO;1052;1052;1052;1052;B605;ITC;ITC1;ITC11;ITC;ITC1;ITC11
01;201;001;053;001053;Cantalupa;Cantalupa;;1;Nord-ovest;Piemonte;Torino;3;0;TO;1053;1053;1053;1053;B628;ITC;ITC1;ITC11;ITC;ITC1;ITC11
01;201;001;054;001054;Cantoira;Cantoira;;1;Nord-ovest;Piemonte;Torino;3;0;TO;1054;1054;1054;1054;B637;ITC;ITC1;ITC11;ITC;ITC1;ITC11
01;201;001;055;001055;Caprie;Caprie;;1;Nord-ovest;Piemonte;Torino;3;0;TO;1055;1055;1055;1055;B705;ITC;ITC1;ITC11;ITC;ITC1;ITC11
01;201;001;056;001056;Caravino;Caravino;;1;Nord-ovest;Piemonte;Torino;3;0;TO;1056;1056;1056;1056;B733;ITC;ITC1;ITC11;ITC;ITC1;ITC11
01;201;001;057;001057;Carema;Carema;;1;Nord-ovest;Piemonte;Torino;3;0;TO;1057;1057;1057;1057;B762;ITC;ITC1;ITC11;ITC;ITC1;ITC11
01;201;001;058;001058;Carignano;Carignano;;1;Nord-ovest;Piemonte;Torino;3;0;TO;1058;1058;1058;1058;B777;ITC;ITC1;ITC11;ITC;ITC1;ITC11
01;201;001;059;001059;Carmagnola;Carmagnola;;1;Nord-ovest;Piemonte;Torino;3;0;TO;1059;1059;1059;1059;B791;ITC;ITC1;ITC11;ITC;ITC1;ITC11
01;201;001;060;001060;Casalborgone;Casalborgone;;1;Nord-ovest;Piemonte;Torino;3;0;TO;1060;1060;1060;1060;B867;ITC;ITC1;ITC11;ITC;ITC1;ITC11
01;201;001;061;001061;Cascinette d'Ivrea;Cascinette d'Ivrea;;1;Nord-ovest;Piemonte;Torino;3;0;TO;1061;1061;1061;1061;B953;ITC;ITC1;ITC11;ITC;ITC1;ITC11
01;201;001;062;001062;Caselette;Caselette;;1;Nord-ovest;Piemonte;Torino;3;0;TO;1062;1062;1062;1062;B955;ITC;ITC1;ITC11;ITC;ITC1;ITC11
01;201;001;063;001063;Caselle Torinese;Caselle Torinese;;1;Nord-ovest;Piemonte;Torino;3;0;TO;1063;1063;1063;1063;B960;ITC;ITC1;ITC11;ITC;ITC1;ITC11
01;201;001;064;001064;Castagneto Po;Castagneto Po;;1;Nord-ovest;Piemonte;Torino;3;0;TO;1064;1064;1064;1064;C045;ITC;ITC1;ITC11;ITC;ITC1;ITC11
01;201;001;065;001065;Castagnole Piemonte;Castagnole Piemonte;;1;Nord-ovest;Piemonte;Torino;3;0;TO;1065;1065;1065;1065;C048;ITC;ITC1;ITC11;ITC;ITC1;ITC11
01;201;001;066;001066;Castellamonte;Castellamonte;;1;Nord-ovest;Piemonte;Torino;3;0;TO;1066;1066;1066;1066;C133;ITC;ITC1;ITC11;ITC;ITC1;ITC11
01;201;001;067;001067;Castelnuovo Nigra;Castelnuovo Nigra;;1;Nord-ovest;Piemonte;Torino;3;0;TO;1067;1067;1067;1067;C241;ITC;ITC1;ITC11;ITC;ITC1;ITC11
01;201;001;068;001068;Castiglione Torinese;Castiglione Torinese;;1;Nord-ovest;Piemonte;Torino;3;0;TO;1068;1068;1068;1068;C307;ITC;ITC1;ITC11;ITC;ITC1;ITC11
01;201;001;069;001069;Cavagnolo;Cavagnolo;;1;Nord-ovest;Piemonte;Torino;3;0;TO;1069;1069;1069;1069;C369;ITC;ITC1;ITC11;ITC;ITC1;ITC11
01;201;001;070;001070;Cavour;Cavour;;1;Nord-ovest;Piemonte;Torino;3;0;TO;1070;1070;1070;1070;C404;ITC;ITC1;ITC11;ITC;ITC1;ITC11
01;201;001;071;001071;Cercenasco;Cercenasco;;1;Nord-ovest;Piemonte;Torino;3;0;TO;1071;1071;1071;1071;C487;ITC;ITC1;ITC11;ITC;ITC1;ITC11
01;201;001;072;001072;Ceres;Ceres;;1;Nord-ovest;Piemonte;Torino;3;0;TO;1072;1072;1072;1072;C497;ITC;ITC1;ITC11;ITC;ITC1;ITC11
01;201;001;073;001073;Ceresole Reale;Ceresole Reale;;1;Nord-ovest;Piemonte;Torino;3;0;TO;1073;1073;1073;1073;C505;ITC;ITC1;ITC11;ITC;ITC1;ITC11
01;201;001;074;001074;Cesana Torinese;Cesana Torinese;;1;Nord-ovest;Piemonte;Torino;3;0;TO;1074;1074;1074;1074;C564;ITC;ITC1;ITC11;ITC;ITC1;ITC11
01;201;001;075;001075;Chialamberto;Chialamberto;;1;Nord-ovest;Piemonte;Torino;3;0;TO;1075;1075;1075;1075;C604;ITC;ITC1;ITC11;ITC;ITC1;ITC11
01;201;001;076;001076;Chianocco;Chianocco;;1;Nord-ovest;Piemonte;Torino;3;0;TO;1076;1076;1076;1076;C610;ITC;ITC1;ITC11;ITC;ITC1;ITC11
01;201;001;077;001077;Chiaverano;Chiaverano;;1;Nord-ovest;Piemonte;Torino;3;0;TO;1077;1077;1077;1077;C624;ITC;ITC1;ITC11;ITC;ITC1;ITC11
01;201;001;078;001078;Chieri;Chieri;;1;Nord-ovest;Piemonte;Torino;3;0;TO;1078;1078;1078;1078;C627;ITC;ITC1;ITC11;ITC;ITC1;ITC11
01;201;001;079;001079;Chiesanuova;Chiesanuova;;1;Nord-ovest;Piemonte;Torino;3;0;TO;1079;1079;1079;1079;C629;ITC;ITC1;ITC11;ITC;ITC1;ITC11
01;201;001;080;001080;Chiomonte;Chiomonte;;1;Nord-ovest;Piemonte;Torino;3;0;TO;1080;1080;1080;1080;C639;ITC;ITC1;ITC11;ITC;ITC1;ITC11
01;201;001;081;001081;Chiusa di San Michele;Chiusa di San Michele;;1;Nord-ovest;Piemonte;Torino;3;0;TO;1081;1081;1081;1081;C655;ITC;ITC1;ITC11;ITC;ITC1;ITC11
01;201;001;082;001082;Chivasso;Chivasso;;1;Nord-ovest;Piemonte;Torino;3;0;TO;1082;1082;1082;1082;C665;ITC;ITC1;ITC11;ITC;ITC1;ITC11
01;201;001;083;001083;Ciconio;Ciconio;;1;Nord-ovest;Piemonte;Torino;3;0;TO;1083;1083;1083;1083;C679;ITC;ITC1;ITC11;ITC;ITC1;ITC11
01;201;001;084;001084;Cintano;Cintano;;1;Nord-ovest;Piemonte;Torino;3;0;TO;1084;1084;1084;1084;C711;ITC;ITC1;ITC11;ITC;ITC1;ITC11
01;201;001;085;001085;Cinzano;Cinzano;;1;Nord-ovest;Piemonte;Torino;3;0;TO;1085;1085;1085;1085;C715;ITC;ITC1;ITC11;ITC;ITC1;ITC11
01;201;001;086;001086;Ciriè;Ciriè;;1;Nord-ovest;Piemonte;Torino;3;0;TO;1086;1086;1086;1086;C722;ITC;ITC1;ITC11;ITC;ITC1;ITC11
01;201;001;087;001087;Claviere;Claviere;;1;Nord-ovest;Piemonte;Torino;3;0;TO;1087;1087;1087;1087;C793;ITC;ITC1;ITC11;ITC;ITC1;ITC11
01;201;001;088;001088;Coassolo Torinese;Coassolo Torinese;;1;Nord-ovest;Piemonte;Torino;3;0;TO;1088;1088;1088;1088;C801;ITC;ITC1;ITC11;ITC;ITC1;ITC11
01;201;001;089;001089;Coazze;Coazze;;1;Nord-ovest;Piemonte;Torino;3;0;TO;1089;1089;1089;1089;C803;ITC;ITC1;ITC11;ITC;ITC1;ITC11
01;201;001;090;001090;Collegno;Collegno;;1;Nord-ovest;Piemonte;Torino;3;0;TO;1090;1090;1090;1090;C860;ITC;ITC1;ITC11;ITC;ITC1;ITC11
01;201;001;091;001091;Colleretto Castelnuovo;Colleretto Castelnuovo;;1;Nord-ovest;Piemonte;Torino;3;0;TO;1091;1091;1091;1091;C867;ITC;ITC1;ITC11;ITC;ITC1;ITC11
01;201;001;092;001092;Colleretto Giacosa;Colleretto Giacosa;;1;Nord-ovest;Piemonte;Torino;3;0;TO;1092;1092;1092;1092;C868;ITC;ITC1;ITC11;ITC;ITC1;ITC11
01;201;001;093;001093;Condove;Condove;;1;Nord-ovest;Piemonte;Torino;3;0;TO;1093;1093;1093;1093;C955;ITC;ITC1;ITC11;ITC;ITC1;ITC11
01;201;001;094;001094;Corio;Corio;;1;Nord-ovest;Piemonte;Torino;3;0;TO;1094;1094;1094;1094;D008;ITC;ITC1;ITC11;ITC;ITC1;ITC11
01;201;001;095;001095;Cossano Canavese;Cossano Canavese;;1;Nord-ovest;Piemonte;Torino;3;0;TO;1095;1095;1095;1095;D092;ITC;ITC1;ITC11;ITC;ITC1;ITC11
01;201;001;096;001096;Cuceglio;Cuceglio;;1;Nord-ovest;Piemonte;Torino;3;0;TO;1096;1096;1096;1096;D197;ITC;ITC1;ITC11;ITC;ITC1;ITC11
01;201;001;097;001097;Cumiana;Cumiana;;1;Nord-ovest;Piemonte;Torino;3;0;TO;1097;1097;1097;1097;D202;ITC;ITC1;ITC11;ITC;ITC1;ITC11
01;201;001;098;001098;Cuorgnè;Cuorgnè;;1;Nord-ovest;Piemonte;Torino;3;0;TO;1098;1098;1098;1098;D208;ITC;ITC1;ITC11;ITC;ITC1;ITC11
01;201;001;099;001099;Druento;Druento;;1;Nord-ovest;Piemonte;Torino;3;0;TO;1099;1099;1099;1099;D373;ITC;ITC1;ITC11;ITC;ITC1;ITC11
01;201;001;100;001100;Exilles;Exilles;;1;Nord-ovest;Piemonte;Torino;3;0;TO;1100;1100;1100;1100;D433;ITC;ITC1;ITC11;ITC;ITC1;ITC11
01;201;001;101;001101;Favria;Favria;;1;Nord-ovest;Piemonte;Torino;3;0;TO;1101;1101;1101;1101;D520;ITC;ITC1;ITC11;ITC;ITC1;ITC11
01;201;001;102;001102;Feletto;Feletto;;1;Nord-ovest;Piemonte;Torino;3;0;TO;1102;1102;1102;1102;D524;ITC;ITC1;ITC11;ITC;ITC1;ITC11
01;201;001;103;001103;Fenestrelle;Fenestrelle;;1;Nord-ovest;Piemonte;Torino;3;0;TO;1103;1103;1103;1103;D532;ITC;ITC1;ITC11;ITC;ITC1;ITC11
01;201;001;104;001104;Fiano;Fiano;;1;Nord-ovest;Piemonte;Torino;3;0;TO;1104;1104;1104;1104;D562;ITC;ITC1;ITC11;ITC;ITC1;ITC11
01;201;001;105;001105;Fiorano Canavese;Fiorano Canavese;;1;Nord-ovest;Piemonte;Torino;3;0;TO;1105;1105;1105;1105;D608;ITC;ITC1;ITC11;ITC;ITC1;ITC11
01;201;001;106;001106;Foglizzo;Foglizzo;;1;Nord-ovest;Piemonte;Torino;3;0;TO;1106;1106;1106;1106;D646;ITC;ITC1;ITC11;ITC;ITC1;ITC11
01;201;001;107;001107;Forno Canavese;Forno Canavese;;1;Nord-ovest;Piemonte;Torino;3;0;TO;1107;1107;1107;1107;D725;ITC;ITC1;ITC11;ITC;ITC1;ITC11
01;201;001;108;001108;Frassinetto;Frassinetto;;1;Nord-ovest;Piemonte;Torino;3;0;TO;1108;1108;1108;1108;D781;ITC;ITC1;ITC11;ITC;ITC1;ITC11
01;201;001;109;001109;Front;Front;;1;Nord-ovest;Piemonte;Torino;3;0;TO;1109;1109;1109;1109;D805;ITC;ITC1;ITC11;ITC;ITC1;ITC11
01;201;001;110;001110;Frossasco;Frossasco;;1;Nord-ovest;Piemonte;Torino;3;0;TO;1110;1110;1110;1110;D812;ITC;ITC1;ITC11;ITC;ITC1;ITC11
01;201;001;111;001111;Garzigliana;Garzigliana;;1;Nord-ovest;Piemonte;Torino;3;0;TO;1111;1111;1111;1111;D931;ITC;ITC1;ITC11;ITC;ITC1;ITC11
01;201;001;112;001112;Gassino Torinese;Gassino Torinese;;1;Nord-ovest;Piemonte;Torino;3;0;TO;1112;1112;1112;1112;D933;ITC;ITC1;ITC11;ITC;ITC1;ITC11
01;201;001;113;001113;Germagnano;Germagnano;;1;Nord-ovest;Piemonte;Torino;3;0;TO;1113;1113;1113;1113;D983;ITC;ITC1;ITC11;ITC;ITC1;ITC11
01;201;001;114;001114;Giaglione;Giaglione;;1;Nord-ovest;Piemonte;Torino;3;0;TO;1114;1114;1114;1114;E009;ITC;ITC1;ITC11;ITC;ITC1;ITC11
01;201;001;115;001115;Giaveno;Giaveno;;1;Nord-ovest;Piemonte;Torino;3;0;TO;1115;1115;1115;1115;E020;ITC;ITC1;ITC11;ITC;ITC1;ITC11
01;201;001;116;001116;Givoletto;Givoletto;;1;Nord-ovest;Piemonte;Torino;3;0;TO;1116;1116;1116;1116;E067;ITC;ITC1;ITC11;ITC;ITC1;ITC11
01;201;001;117;001117;Gravere;Gravere;;1;Nord-ovest;Piemonte;Torino;3;0;TO;1117;1117;1117;1117;E154;ITC;ITC1;ITC11;ITC;ITC1;ITC11
01;201;001;118;001118;Groscavallo;Groscavallo;;1;Nord-ovest;Piemonte;Torino;3;0;TO;1118;1118;1118;1118;E199;ITC;ITC1;ITC11;ITC;ITC1;ITC11
01;201;001;119;001119;Grosso;Grosso;;1;Nord-ovest;Piemonte;Torino;3;0;TO;1119;1119;1119;1119;E203;ITC;ITC1;ITC11;ITC;ITC1;ITC11
01;201;001;120;001120;Grugliasco;Grugliasco;;1;Nord-ovest;Piemonte;Torino;3;0;TO;1120;1120;1120;1120;E216;ITC;ITC1;ITC11;ITC;ITC1;ITC11
01;201;001;121;001121;Ingria;Ingria;;1;Nord-ovest;Piemonte;Torino;3;0;TO;1121;1121;1121;1121;E301;ITC;ITC1;ITC11;ITC;ITC1;ITC11
01;201;001;122;001122;Inverso Pinasca;Inverso Pinasca;;1;Nord-ovest;Piemonte;Torino;3;0;TO;1122;1122;1122;1122;E311;ITC;ITC1;ITC11;ITC;ITC1;ITC11
01;201;001;123;001123;Isolabella;Isolabella;;1;Nord-ovest;Piemonte;Torino;3;0;TO;1123;1123;1123;1123;E345;ITC;ITC1;ITC11;ITC;ITC1;ITC11
01;201;001;124;001124;Issiglio;Issiglio;;1;Nord-ovest;Piemonte;Torino;3;0;TO;1124;1124;1124;1124;E368;ITC;ITC1;ITC11;ITC;ITC1;ITC11
01;201;001;125;001125;Ivrea;Ivrea;;1;Nord-ovest;Piemonte;Torino;3;0;TO;1125;1125;1125;1125;E379;ITC;ITC1;ITC11;ITC;ITC1;ITC11
01;201;001;126;001126;La Cassa;La Cassa;;1;Nord-ovest;Piemonte;Torino;3;0;TO;1126;1126;1126;1126;E394;ITC;ITC1;ITC11;ITC;ITC1;ITC11
01;201;001;127;001127;La Loggia;La Loggia;;1;Nord-ovest;Piemonte;Torino;3;0;TO;1127;1127;1127;1127;E423;ITC;ITC1;ITC11;ITC;ITC1;ITC11
01;201;001;128;001128;Lanzo Torinese;Lanzo Torinese;;1;Nord-ovest;Piemonte;Torino;3;0;TO;1128;1128;1128;1128;E445;ITC;ITC1;ITC11;ITC;ITC1;ITC11
01;201;001;129;001129;Lauriano;Lauriano;;1;Nord-ovest;Piemonte;Torino;3;0;TO;1129;1129;1129;1129;E484;ITC;ITC1;ITC11;ITC;ITC1;ITC11
01;201;001;130;001130;Leini;Leini;;1;Nord-ovest;Piemonte;Torino;3;0;TO;1130;1130;1130;1130;E518;ITC;ITC1;ITC11;ITC;ITC1;ITC11
01;201;001;131;001131;Lemie;Lemie;;1;Nord-ovest;Piemonte;Torino;3;0;TO;1131;1131;1131;1131;E520;ITC;ITC1;ITC11;ITC;ITC1;ITC11
01;201;001;132;001132;Lessolo;Lessolo;;1;Nord-ovest;Piemonte;Torino;3;0;TO;1132;1132;1132;1132;E551;ITC;ITC1;ITC11;ITC;ITC1;ITC11
01;201;001;133;001133;Levone;Levone;;1;Nord-ovest;Piemonte;Torino;3;0;TO;1133;1133;1133;1133;E566;ITC;ITC1;ITC11;ITC;ITC1;ITC11
01;201;001;134;001134;Locana;Locana;;1;Nord-ovest;Piemonte;Torino;3;0;TO;1134;1134;1134;1134;E635;ITC;ITC1;ITC11;ITC;ITC1;ITC11
01;201;001;135;001135;Lombardore;Lombardore;;1;Nord-ovest;Piemonte;Torino;3;0;TO;1135;1135;1135;1135;E660;ITC;ITC1;ITC11;ITC;ITC1;ITC11
01;201;001;136;001136;Lombriasco;Lombriasco;;1;Nord-ovest;Piemonte;Torino;3;0;TO;1136;1136;1136;1136;E661;ITC;ITC1;ITC11;ITC;ITC1;ITC11
01;201;001;137;001137;Loranzè;Loranzè;;1;Nord-ovest;Piemonte;Torino;3;0;TO;1137;1137;1137;1137;E683;ITC;ITC1;ITC11;ITC;ITC1;ITC11
01;201;001;139;001139;Luserna San Giovanni;Luserna San Giovanni;;1;Nord-ovest;Piemonte;Torino;3;0;TO;1139;1139;1139;1139;E758;ITC;ITC1;ITC11;ITC;ITC1;ITC11
01;201;001;140;001140;Lusernetta;Lusernetta;;1;Nord-ovest;Piemonte;Torino;3;0;TO;1140;1140;1140;1140;E759;ITC;ITC1;ITC11;ITC;ITC1;ITC11
01;201;001;141;001141;Lusigliè;Lusigliè;;1;Nord-ovest;Piemonte;Torino;3;0;TO;1141;1141;1141;1141;E763;ITC;ITC1;ITC11;ITC;ITC1;ITC11
01;201;001;142;001142;Macello;Macello;;1;Nord-ovest;Piemonte;Torino;3;0;TO;1142;1142;1142;1142;E782;ITC;ITC1;ITC11;ITC;ITC1;ITC11
01;201;001;143;001143;Maglione;Maglione;;1;Nord-ovest;Piemonte;Torino;3;0;TO;1143;1143;1143;1143;E817;ITC;ITC1;ITC11;ITC;ITC1;ITC11
01;201;001;144;001144;Marentino;Marentino;;1;Nord-ovest;Piemonte;Torino;3;0;TO;1144;1144;1144;1144;E941;ITC;ITC1;ITC11;ITC;ITC1;ITC11
01;201;001;145;001145;Massello;Massello;;1;Nord-ovest;Piemonte;Torino;3;0;TO;1145;1145;1145;1145;F041;ITC;ITC1;ITC11;ITC;ITC1;ITC11
01;201;001;146;001146;Mathi;Mathi;;1;Nord-ovest;Piemonte;Torino;3;0;TO;1146;1146;1146;1146;F053;ITC;ITC1;ITC11;ITC;ITC1;ITC11
01;201;001;147;001147;Mattie;Mattie;;1;Nord-ovest;Piemonte;Torino;3;0;TO;1147;1147;1147;1147;F058;ITC;ITC1;ITC11;ITC;ITC1;ITC11
01;201;001;148;001148;Mazzè;Mazzè;;1;Nord-ovest;Piemonte;Torino;3;0;TO;1148;1148;1148;1148;F067;ITC;ITC1;ITC11;ITC;ITC1;ITC11
01;201;001;149;001149;Meana di Susa;Meana di Susa;;1;Nord-ovest;Piemonte;Torino;3;0;TO;1149;1149;1149;1149;F074;ITC;ITC1;ITC11;ITC;ITC1;ITC11
01;201;001;150;001150;Mercenasco;Mercenasco;;1;Nord-ovest;Piemonte;Torino;3;0;TO;1150;1150;1150;1150;F140;ITC;ITC1;ITC11;ITC;ITC1;ITC11
01;201;001;152;001152;Mezzenile;Mezzenile;;1;Nord-ovest;Piemonte;Torino;3;0;TO;1152;1152;1152;1152;F182;ITC;ITC1;ITC11;ITC;ITC1;ITC11
01;201;001;153;001153;Mombello di Torino;Mombello di Torino;;1;Nord-ovest;Piemonte;Torino;3;0;TO;1153;1153;1153;1153;F315;ITC;ITC1;ITC11;ITC;ITC1;ITC11
01;201;001;154;001154;Mompantero;Mompantero;;1;Nord-ovest;Piemonte;Torino;3;0;TO;1154;1154;1154;1154;F318;ITC;ITC1;ITC11;ITC;ITC1;ITC11
01;201;001;155;001155;Monastero di Lanzo;Monastero di Lanzo;;1;Nord-ovest;Piemonte;Torino;3;0;TO;1155;1155;1155;1155;F327;ITC;ITC1;ITC11;ITC;ITC1;ITC11
01;201;001;156;001156;Moncalieri;Moncalieri;;1;Nord-ovest;Piemonte;Torino;3;0;TO;1156;1156;1156;1156;F335;ITC;ITC1;ITC11;ITC;ITC1;ITC11
01;201;001;157;001157;Moncenisio;Moncenisio;;1;Nord-ovest;Piemonte;Torino;3;0;TO;1157;1157;1157;1157;D553;ITC;ITC1;ITC11;ITC;ITC1;ITC11
01;201;001;158;001158;Montaldo Torinese;Montaldo Torinese;;1;Nord-ovest;Piemonte;Torino;3;0;TO;1158;1158;1158;1158;F407;ITC;ITC1;ITC11;ITC;ITC1;ITC11
01;201;001;159;001159;Montalenghe;Montalenghe;;1;Nord-ovest;Piemonte;Torino;3;0;TO;1159;1159;1159;1159;F411;ITC;ITC1;ITC11;ITC;ITC1;ITC11
01;201;001;160;001160;Montalto Dora;Montalto Dora;;1;Nord-ovest;Piemonte;Torino;3;0;TO;1160;1160;1160;1160;F420;ITC;ITC1;ITC11;ITC;ITC1;ITC11
01;201;001;161;001161;Montanaro;Montanaro;;1;Nord-ovest;Piemonte;Torino;3;0;TO;1161;1161;1161;1161;F422;ITC;ITC1;ITC11;ITC;ITC1;ITC11
01;201;001;162;001162;Monteu da Po;Monteu da Po;;1;Nord-ovest;Piemonte;Torino;3;0;TO;1162;1162;1162;1162;F651;ITC;ITC1;ITC11;ITC;ITC1;ITC11
01;201;001;163;001163;Moriondo Torinese;Moriondo Torinese;;1;Nord-ovest;Piemonte;Torino;3;0;TO;1163;1163;1163;1163;F733;ITC;ITC1;ITC11;ITC;ITC1;ITC11
01;201;001;164;001164;Nichelino;Nichelino;;1;Nord-ovest;Piemonte;Torino;3;0;TO;1164;1164;1164;1164;F889;ITC;ITC1;ITC11;ITC;ITC1;ITC11
01;201;001;165;001165;Noasca;Noasca;;1;Nord-ovest;Piemonte;Torino;3;0;TO;1165;1165;1165;1165;F906;ITC;ITC1;ITC11;ITC;ITC1;ITC11
01;201;001;166;001166;Nole;Nole;;1;Nord-ovest;Piemonte;Torino;3;0;TO;1166;1166;1166;1166;F925;ITC;ITC1;ITC11;ITC;ITC1;ITC11
01;201;001;167;001167;Nomaglio;Nomaglio;;1;Nord-ovest;Piemonte;Torino;3;0;TO;1167;1167;1167;1167;F927;ITC;ITC1;ITC11;ITC;ITC1;ITC11
01;201;001;168;001168;None;None;;1;Nord-ovest;Piemonte;Torino;3;0;TO;1168;1168;1168;1168;F931;ITC;ITC1;ITC11;ITC;ITC1;ITC11
01;201;001;169;001169;Novalesa;Novalesa;;1;Nord-ovest;Piemonte;Torino;3;0;TO;1169;1169;1169;1169;F948;ITC;ITC1;ITC11;ITC;ITC1;ITC11
01;201;001;170;001170;Oglianico;Oglianico;;1;Nord-ovest;Piemonte;Torino;3;0;TO;1170;1170;1170;1170;G010;ITC;ITC1;ITC11;ITC;ITC1;ITC11
01;201;001;171;001171;Orbassano;Orbassano;;1;Nord-ovest;Piemonte;Torino;3;0;TO;1171;1171;1171;1171;G087;ITC;ITC1;ITC11;ITC;ITC1;ITC11
01;201;001;172;001172;Orio Canavese;Orio Canavese;;1;Nord-ovest;Piemonte;Torino;3;0;TO;1172;1172;1172;1172;G109;ITC;ITC1;ITC11;ITC;ITC1;ITC11
01;201;001;173;001173;Osasco;Osasco;;1;Nord-ovest;Piemonte;Torino;3;0;TO;1173;1173;1173;1173;G151;ITC;ITC1;ITC11;ITC;ITC1;ITC11
01;201;001;174;001174;Osasio;Osasio;;1;Nord-ovest;Piemonte;Torino;3;0;TO;1174;1174;1174;1174;G152;ITC;ITC1;ITC11;ITC;ITC1;ITC11
01;201;001;175;001175;Oulx;Oulx;;1;Nord-ovest;Piemonte;Torino;3;0;TO;1175;1175;1175;1175;G196;ITC;ITC1;ITC11;ITC;ITC1;ITC11
01;201;001;176;001176;Ozegna;Ozegna;;1;Nord-ovest;Piemonte;Torino;3;0;TO;1176;1176;1176;1176;G202;ITC;ITC1;ITC11;ITC;ITC1;ITC11
01;201;001;177;001177;Palazzo Canavese;Palazzo Canavese;;1;Nord-ovest;Piemonte;Torino;3;0;TO;1177;1177;1177;1177;G262;ITC;ITC1;ITC11;ITC;ITC1;ITC11
01;201;001;178;001178;Pancalieri;Pancalieri;;1;Nord-ovest;Piemonte;Torino;3;0;TO;1178;1178;1178;1178;G303;ITC;ITC1;ITC11;ITC;ITC1;ITC11
01;201;001;179;001179;Parella;Parella;;1;Nord-ovest;Piemonte;Torino;3;0;TO;1179;1179;1179;1179;G330;ITC;ITC1;ITC11;ITC;ITC1;ITC11
01;201;001;180;001180;Pavarolo;Pavarolo;;1;Nord-ovest;Piemonte;Torino;3;0;TO;1180;1180;1180;1180;G387;ITC;ITC1;ITC11;ITC;ITC1;ITC11
01;201;001;181;001181;Pavone Canavese;Pavone Canavese;;1;Nord-ovest;Piemonte;Torino;3;0;TO;1181;1181;1181;1181;G392;ITC;ITC1;ITC11;ITC;ITC1;ITC11
01;201;001;183;001183;Pecetto Torinese;Pecetto Torinese;;1;Nord-ovest;Piemonte;Torino;3;0;TO;1183;1183;1183;1183;G398;ITC;ITC1;ITC11;ITC;ITC1;ITC11
01;201;001;184;001184;Perosa Argentina;Perosa Argentina;;1;Nord-ovest;Piemonte;Torino;3;0;TO;1184;1184;1184;1184;G463;ITC;ITC1;ITC11;ITC;ITC1;ITC11
01;201;001;185;001185;Perosa Canavese;Perosa Canavese;;1;Nord-ovest;Piemonte;Torino;3;0;TO;1185;1185;1185;1185;G462;ITC;ITC1;ITC11;ITC;ITC1;ITC11
01;201;001;186;001186;Perrero;Perrero;;1;Nord-ovest;Piemonte;Torino;3;0;TO;1186;1186;1186;1186;G465;ITC;ITC1;ITC11;ITC;ITC1;ITC11
01;201;001;187;001187;Pertusio;Pertusio;;1;Nord-ovest;Piemonte;Torino;3;0;TO;1187;1187;1187;1187;G477;ITC;ITC1;ITC11;ITC;ITC1;ITC11
01;201;001;188;001188;Pessinetto;Pessinetto;;1;Nord-ovest;Piemonte;Torino;3;0;TO;1188;1188;1188;1188;G505;ITC;ITC1;ITC11;ITC;ITC1;ITC11
01;201;001;189;001189;Pianezza;Pianezza;;1;Nord-ovest;Piemonte;Torino;3;0;TO;1189;1189;1189;1189;G559;ITC;ITC1;ITC11;ITC;ITC1;ITC11
01;201;001;190;001190;Pinasca;Pinasca;;1;Nord-ovest;Piemonte;Torino;3;0;TO;1190;1190;1190;1190;G672;ITC;ITC1;ITC11;ITC;ITC1;ITC11
01;201;001;191;001191;Pinerolo;Pinerolo;;1;Nord-ovest;Piemonte;Torino;3;0;TO;1191;1191;1191;1191;G674;ITC;ITC1;ITC11;ITC;ITC1;ITC11
01;201;001;192;001192;Pino Torinese;Pino Torinese;;1;Nord-ovest;Piemonte;Torino;3;0;TO;1192;1192;1192;1192;G678;ITC;ITC1;ITC11;ITC;ITC1;ITC11
01;201;001;193;001193;Piobesi Torinese;Piobesi Torinese;;1;Nord-ovest;Piemonte;Torino;3;0;TO;1193;1193;1193;1193;G684;ITC;ITC1;ITC11;ITC;ITC1;ITC11
01;201;001;194;001194;Piossasco;Piossasco;;1;Nord-ovest;Piemonte;Torino;3;0;TO;1194;1194;1194;1194;G691;ITC;ITC1;ITC11;ITC;ITC1;ITC11
01;201;001;195;001195;Piscina;Piscina;;1;Nord-ovest;Piemonte;Torino;3;0;TO;1195;1195;1195;1195;G705;ITC;ITC1;ITC11;ITC;ITC1;ITC11
01;201;001;196;001196;Piverone;Piverone;;1;Nord-ovest;Piemonte;Torino;3;0;TO;1196;1196;1196;1196;G719;ITC;ITC1;ITC11;ITC;ITC1;ITC11
01;201;001;197;001197;Poirino;Poirino;;1;Nord-ovest;Piemonte;Torino;3;0;TO;1197;1197;1197;1197;G777;ITC;ITC1;ITC11;ITC;ITC1;ITC11
01;201;001;198;001198;Pomaretto;Pomaretto;;1;Nord-ovest;Piemonte;Torino;3;0;TO;1198;1198;1198;1198;G805;ITC;ITC1;ITC11;ITC;ITC1;ITC11
01;201;001;199;001199;Pont Canavese;Pont Canavese;;1;Nord-ovest;Piemonte;Torino;3;0;TO;1199;1199;1199;1199;G826;ITC;ITC1;ITC11;ITC;ITC1;ITC11
01;201;001;200;001200;Porte;Porte;;1;Nord-ovest;Piemonte;Torino;3;0;TO;1200;1200;1200;1200;G900;ITC;ITC1;ITC11;ITC;ITC1;ITC11
01;201;001;201;001201;Pragelato;Pragelato;;1;Nord-ovest;Piemonte;Torino;3;0;TO;1201;1201;1201;1201;G973;ITC;ITC1;ITC11;ITC;ITC1;ITC11
01;201;001;202;001202;Prali;Prali;;1;Nord-ovest;Piemonte;Torino;3;0;TO;1202;1202;1202;1202;G978;ITC;ITC1;ITC11;ITC;ITC1;ITC11
01;201;001;203;001203;Pralormo;Pralormo;;1;Nord-ovest;Piemonte;Torino;3;0;TO;1203;1203;1203;1203;G979;ITC;ITC1;ITC11;ITC;ITC1;ITC11
01;201;001;204;001204;Pramollo;Pramollo;;1;Nord-ovest;Piemonte;Torino;3;0;TO;1204;1204;1204;1204;G982;ITC;ITC1;ITC11;ITC;ITC1;ITC11
